time,value,is_bad_data
05/10/2021 18:00,6.988714325,False
05/10/2021 18:30,6.992590062,False
05/10/2021 19:00,5.726147008,False
05/10/2021 19:30,6.881001817,False
05/10/2021 20:00,5.897370375,False
05/10/2021 20:30,6.060638226,False
05/10/2021 21:00,6.854520818,False
05/10/2021 21:30,5.991700703,False
05/10/2021 22:00,6.799090293,False
05/10/2021 22:30,5.208346993,False
05/10/2021 23:00,5.141287279,False
05/10/2021 23:30,6.388824865,False
06/10/2021 00:00,4.998378056,False
06/10/2021 00:31,5.010991003,False
06/10/2021 01:00,8.58248266,False
06/10/2021 01:30,6.314253666,False
06/10/2021 02:00,11.12636375,False
06/10/2021 02:30,11.10933537,False
06/10/2021 03:00,6.522333563,False
06/10/2021 03:30,10.94408186,False
06/10/2021 04:00,10.82702117,False
06/10/2021 04:30,11.90360287,False
06/10/2021 05:00,10.08654104,False
06/10/2021 05:30,11.23920646,False
06/10/2021 06:00,10.73740719,False
06/10/2021 06:30,10.99511277,False
06/10/2021 07:00,11.04122474,False
06/10/2021 07:30,10.92561928,False
06/10/2021 08:00,10.79232989,False
06/10/2021 08:30,8.704306412,False
06/10/2021 09:00,10.73402581,False
06/10/2021 09:30,9.407686747,False
06/10/2021 10:00,10.90129094,False
06/10/2021 10:30,10.20348692,False
06/10/2021 11:00,10.27895777,False
06/10/2021 11:30,11.82374087,False
06/10/2021 12:00,12.79745697,False
06/10/2021 12:30,10.6599962,False
06/10/2021 13:00,11.99032178,False
06/10/2021 13:30,10.35401022,False
06/10/2021 14:00,11.30778249,False
06/10/2021 14:30,12.25198258,False
06/10/2021 15:00,9.466599604,False
06/10/2021 15:30,11.99473604,False
06/10/2021 16:00,9.852219735,False
06/10/2021 16:30,11.90283046,False
06/10/2021 17:00,10.08734052,False
06/10/2021 17:30,11.77585125,False
06/10/2021 18:00,11.39140393,False
06/10/2021 18:30,9.548697546,False
06/10/2021 19:00,10.63981767,False
06/10/2021 19:30,10.79555368,False
06/10/2021 20:00,9.619282372,False
06/10/2021 20:30,10.6495408,False
06/10/2021 21:00,9.330514812,False
06/10/2021 21:30,9.52323076,False
06/10/2021 22:00,10.15209706,False
06/10/2021 22:30,13.14775221,False
06/10/2021 23:00,10.19372523,False
06/10/2021 23:30,11.26047205,False
07/10/2021 00:00,10.43134957,False
07/10/2021 00:30,10.12594957,False
07/10/2021 01:00,10.88649809,False
07/10/2021 01:30,11.01998391,False
07/10/2021 02:00,11.92443388,False
07/10/2021 02:30,10.67187277,False
07/10/2021 03:00,14.35847143,False
07/10/2021 03:30,14.33815161,False
07/10/2021 04:03,13.91179396,False
07/10/2021 04:30,14.1229272,False
07/10/2021 05:00,12.7429327,False
07/10/2021 05:30,14.39559285,False
07/10/2021 06:00,13.14047425,False
07/10/2021 06:30,12.52016377,False
07/10/2021 07:00,12.74271926,False
07/10/2021 07:30,11.47716874,False
07/10/2021 08:00,13.53974009,False
07/10/2021 08:30,13.4518184,False
07/10/2021 09:00,13.57558953,False
07/10/2021 09:30,12.31595464,False
07/10/2021 10:00,13.49691726,False
07/10/2021 10:30,12.32633113,False
07/10/2021 11:00,12.31805333,False
07/10/2021 11:30,12.17588941,False
07/10/2021 12:00,12.19441897,False
07/10/2021 12:30,10.33220566,False
07/10/2021 13:00,11.32749472,False
07/10/2021 13:30,11.17708917,False
07/10/2021 14:00,11.04900719,False
07/10/2021 14:30,12.10841764,False
07/10/2021 15:00,11.29509823,False
07/10/2021 15:30,12.31518231,False
07/10/2021 16:00,11.14357292,False
07/10/2021 16:30,10.95081185,False
07/10/2021 17:15,11.18353401,False
07/10/2021 17:30,10.01065515,False
07/10/2021 18:00,8.716848577,False
07/10/2021 18:30,6.994677883,False
07/10/2021 19:00,10.34390097,False
07/10/2021 19:30,10.54728322,False
07/10/2021 20:00,7.530806685,False
07/10/2021 20:30,6.729670282,False
07/10/2021 21:00,7.111949634,False
07/10/2021 21:30,6.250704119,False
07/10/2021 22:00,6.694926819,False
07/10/2021 22:30,10.96865763,False
07/10/2021 23:00,7.302345905,False
07/10/2021 23:30,10.88744577,False
08/10/2021 00:00,6.043581034,False
08/10/2021 00:30,10.62391605,False
08/10/2021 01:00,6.314097625,False
08/10/2021 01:30,12.00473677,False
08/10/2021 02:00,10.94198113,False
08/10/2021 02:30,10.90489668,False
08/10/2021 03:00,11.77610561,False
08/10/2021 03:30,7.535749735,False
08/10/2021 04:00,6.912407717,False
08/10/2021 04:30,6.391124862,False
08/10/2021 05:00,10.698045,False
08/10/2021 05:30,6.685446587,False
08/10/2021 06:00,10.13276597,False
08/10/2021 06:30,8.99097702,False
08/10/2021 07:00,6.770039197,False
08/10/2021 07:30,6.625325716,False
08/10/2021 08:00,6.947612,False
08/10/2021 08:30,8.447741814,False
08/10/2021 09:00,6.534246553,False
08/10/2021 09:30,6.266811007,False
08/10/2021 10:00,7.937410885,False
08/10/2021 10:30,6.436150632,False
08/10/2021 11:00,5.456266958,False
08/10/2021 11:30,7.411798576,False
08/10/2021 12:00,6.364681423,False
08/10/2021 12:30,8.006907663,False
08/10/2021 13:00,6.153062697,False
08/10/2021 13:30,7.237628414,False
08/10/2021 14:00,6.69588382,False
08/10/2021 14:31,7.178972312,False
08/10/2021 15:00,7.544327801,False
08/10/2021 15:30,7.492441213,False
08/10/2021 16:01,7.235179304,False
08/10/2021 16:30,7.220626451,False
08/10/2021 17:00,8.188852259,False
08/10/2021 17:30,6.522564898,False
08/10/2021 18:00,5.905294968,False
08/10/2021 18:30,7.655532381,False
08/10/2021 19:00,7.75942258,False
08/10/2021 19:30,9.316691547,False
08/10/2021 20:00,7.754648916,False
08/10/2021 20:30,6.05636408,False
08/10/2021 21:00,6.739856407,False
08/10/2021 21:30,6.601995083,False
08/10/2021 22:00,7.231498652,False
08/10/2021 22:30,6.604077978,False
08/10/2021 23:00,6.379096816,False
08/10/2021 23:30,6.967393405,False
09/10/2021 00:00,14.06137021,False
09/10/2021 00:30,6.597577492,False
09/10/2021 01:00,14.20334386,False
09/10/2021 01:30,14.22905684,False
09/10/2021 02:00,14.30941493,False
09/10/2021 02:30,7.937757734,False
09/10/2021 03:00,13.7525883,False
09/10/2021 03:30,7.119229631,False
09/10/2021 04:00,7.172056663,False
09/10/2021 04:30,14.06037948,False
09/10/2021 05:00,14.25287118,False
09/10/2021 05:30,14.37780181,False
09/10/2021 06:00,7.37234232,False
09/10/2021 06:30,7.596718679,False
09/10/2021 07:00,16.06843823,False
09/10/2021 07:30,14.51575443,False
09/10/2021 08:00,14.33853589,False
09/10/2021 08:30,14.38584801,False
09/10/2021 09:00,14.43802735,False
09/10/2021 09:30,14.49677038,False
09/10/2021 10:00,14.28883697,False
09/10/2021 10:30,8.313005322,False
09/10/2021 11:00,14.22554813,False
09/10/2021 11:30,14.27953465,False
09/10/2021 12:00,14.11380684,False
09/10/2021 12:30,12.7571088,False
09/10/2021 13:00,12.86321273,False
09/10/2021 13:30,14.21886883,False
09/10/2021 14:00,7.836668026,False
09/10/2021 14:30,13.06122784,False
09/10/2021 15:00,12.89003756,False
09/10/2021 15:30,12.86766756,False
09/10/2021 16:00,11.79819226,False
09/10/2021 16:30,14.28340147,False
09/10/2021 17:00,12.45900008,False
09/10/2021 17:30,12.29282906,False
09/10/2021 18:00,12.4107534,False
09/10/2021 18:30,12.36731687,False
09/10/2021 19:00,13.89971196,False
09/10/2021 19:30,12.12723995,False
09/10/2021 20:00,5.824663789,False
09/10/2021 20:30,5.919366534,False
09/10/2021 21:00,7.843990432,False
09/10/2021 21:30,8.471792808,False
09/10/2021 22:00,5.997612565,False
09/10/2021 22:30,6.516039214,False
09/10/2021 23:00,5.207157555,False
09/10/2021 23:30,5.907751367,False
10/10/2021 00:00,13.52466805,False
10/10/2021 00:30,12.34167848,False
10/10/2021 01:00,6.763611833,False
10/10/2021 01:30,5.777847525,False
10/10/2021 02:00,12.65660998,False
10/10/2021 02:30,12.57384026,False
10/10/2021 03:00,12.67208117,False
10/10/2021 03:30,12.62375662,False
10/10/2021 04:00,12.74361261,False
10/10/2021 04:30,8.065955066,False
10/10/2021 05:00,7.772936212,False
10/10/2021 05:30,6.753762708,False
10/10/2021 06:00,12.04606864,False
10/10/2021 06:30,12.20852529,False
10/10/2021 07:00,6.890551545,False
10/10/2021 07:30,6.219366973,False
10/10/2021 08:00,8.217042977,False
10/10/2021 08:30,7.713831812,False
10/10/2021 09:00,12.60109411,False
10/10/2021 09:30,7.143495041,False
10/10/2021 10:00,8.949759335,False
10/10/2021 10:30,8.466095144,False
10/10/2021 11:00,8.335061983,False
10/10/2021 11:30,8.696051387,False
10/10/2021 12:00,8.389378813,False
10/10/2021 12:30,9.079061057,False
10/10/2021 13:00,7.82494166,False
10/10/2021 13:30,5.593061119,False
10/10/2021 14:00,6.264109408,False
10/10/2021 14:30,7.243426628,False
10/10/2021 15:00,8.450206894,False
10/10/2021 15:30,6.390324963,False
10/10/2021 16:00,7.399670175,False
10/10/2021 16:30,8.179068631,False
10/10/2021 17:00,7.930464871,False
10/10/2021 17:30,12.22798389,False
10/10/2021 18:00,12.36606125,False
10/10/2021 18:30,8.484819609,False
10/10/2021 19:00,11.45062992,False
10/10/2021 19:30,6.83431622,False
10/10/2021 20:00,8.171095184,False
10/10/2021 20:30,7.37487546,False
10/10/2021 21:00,8.931914098,False
10/10/2021 21:30,6.940567721,False
10/10/2021 22:00,8.467064095,False
10/10/2021 22:30,7.30050153,False
10/10/2021 23:00,6.943894323,False
10/10/2021 23:30,8.940077566,False
11/10/2021 00:00,5.863564537,False
11/10/2021 00:30,7.780169248,False
11/10/2021 01:00,7.385322024,False
11/10/2021 01:30,6.904757557,False
11/10/2021 02:00,6.014090683,False
11/10/2021 02:30,6.7529718,False
11/10/2021 03:00,6.940045652,False
11/10/2021 03:30,7.588700682,False
11/10/2021 04:00,5.750957545,False
11/10/2021 04:30,6.258199335,False
11/10/2021 05:00,7.191528197,False
11/10/2021 05:30,7.032251028,False
11/10/2021 06:00,8.389859215,False
11/10/2021 06:30,6.98319813,False
11/10/2021 07:00,6.036696678,False
11/10/2021 07:30,5.941386786,False
11/10/2021 08:00,7.646887779,False
11/10/2021 08:30,8.033719211,False
11/10/2021 09:00,4.722910288,False
11/10/2021 09:30,7.845398982,False
11/10/2021 10:00,7.277054759,False
11/10/2021 10:49,4.738393621,False
11/10/2021 11:00,7.92586132,False
11/10/2021 11:30,7.227001644,False
11/10/2021 12:00,8.394088477,False
11/10/2021 12:30,7.162646572,False
11/10/2021 13:00,5.552220077,False
11/10/2021 13:30,9.158768943,False
11/10/2021 14:08,6.20223289,False
11/10/2021 14:30,7.280106348,False
11/10/2021 15:00,5.798114654,False
11/10/2021 16:01,4.805609186,False
11/10/2021 16:30,7.286300502,False
11/10/2021 17:00,4.967364987,False
11/10/2021 17:30,5.826587069,False
11/10/2021 18:00,8.063050743,False
11/10/2021 18:30,4.205450524,False
11/10/2021 19:00,6.236076249,False
11/10/2021 19:30,7.134966731,False
11/10/2021 20:00,4.450011612,False
11/10/2021 20:30,7.458602292,False
11/10/2021 21:00,6.626287545,False
11/10/2021 21:30,4.465742611,False
11/10/2021 22:00,6.457365713,False
11/10/2021 22:30,6.014712475,False
11/10/2021 23:00,5.749526289,False
11/10/2021 23:30,5.950371769,False
12/10/2021 00:00,5.487699527,False
12/10/2021 00:30,5.280538399,False
12/10/2021 01:00,6.691467016,False
12/10/2021 01:30,5.647458277,False
12/10/2021 02:00,7.19020975,False
12/10/2021 02:30,5.848086334,False
12/10/2021 03:00,7.664850519,False
12/10/2021 03:30,6.047343096,False
12/10/2021 04:00,6.147796068,False
12/10/2021 04:30,5.934467418,False
12/10/2021 05:00,7.664803025,False
12/10/2021 05:30,6.145038781,False
12/10/2021 06:00,5.611446733,False
12/10/2021 06:30,8.385181783,False
12/10/2021 07:00,5.681004242,False
12/10/2021 07:30,7.978985217,False
12/10/2021 08:00,7.288095344,False
12/10/2021 08:30,7.089722361,False
12/10/2021 09:00,6.338687777,False
12/10/2021 09:30,4.786048982,False
12/10/2021 10:00,5.727234054,False
12/10/2021 10:30,7.831933141,False
12/10/2021 11:00,8.02046616,False
12/10/2021 11:30,7.380394223,False
12/10/2021 12:00,6.891608932,False
12/10/2021 12:30,7.792616186,False
12/10/2021 13:00,5.726723805,False
12/10/2021 13:30,5.805686265,False
12/10/2021 14:00,4.951517762,False
12/10/2021 14:30,6.409727626,False
12/10/2021 15:00,4.624085042,False
12/10/2021 15:30,4.520781892,False
12/10/2021 16:00,16.39494905,False
12/10/2021 16:30,5.423319302,False
12/10/2021 17:00,5.213289241,False
12/10/2021 17:30,5.77687673,False
12/10/2021 18:00,4.55082867,False
12/10/2021 18:30,16.38659261,False
12/10/2021 19:00,6.281052117,False
12/10/2021 19:30,4.98022498,False
12/10/2021 20:00,5.089372443,False
12/10/2021 20:30,16.1939274,False
12/10/2021 21:00,16.28430399,False
12/10/2021 21:30,14.61208969,False
12/10/2021 22:00,16.33922208,False
12/10/2021 22:30,16.20452501,False
12/10/2021 23:00,6.74020433,False
12/10/2021 23:30,15.98868698,False
13/10/2021 00:00,14.68175034,False
13/10/2021 00:30,14.73436226,False
13/10/2021 01:00,14.82105466,False
13/10/2021 01:30,16.58160686,False
13/10/2021 02:00,14.87634783,False
13/10/2021 02:30,14.8559518,False
13/10/2021 03:00,14.98746083,False
13/10/2021 03:30,14.95035475,False
13/10/2021 04:00,15.04715234,False
13/10/2021 04:30,14.93644004,False
13/10/2021 05:00,14.93738496,False
13/10/2021 05:30,13.47967159,False
13/10/2021 06:00,14.82359925,False
13/10/2021 06:30,14.74097809,False
13/10/2021 07:00,14.7408267,False
13/10/2021 07:30,14.89725871,False
13/10/2021 08:00,14.89751992,False
13/10/2021 08:30,14.53086984,False
13/10/2021 09:00,14.49183401,False
13/10/2021 09:30,13.16777587,False
13/10/2021 10:00,13.12967538,False
13/10/2021 10:30,12.93880698,False
13/10/2021 11:00,12.98022607,False
13/10/2021 11:30,13.08019929,False
13/10/2021 12:00,13.01795166,False
13/10/2021 12:30,14.2779062,False
13/10/2021 13:00,5.898790788,False
13/10/2021 13:30,13.00403236,False
13/10/2021 14:00,13.07773741,False
13/10/2021 14:30,13.15228888,False
13/10/2021 15:00,12.01671366,False
13/10/2021 15:30,13.05798866,False
13/10/2021 16:00,13.08504301,False
13/10/2021 16:30,13.18123014,False
13/10/2021 17:00,11.88216757,False
13/10/2021 17:30,11.76256884,False
13/10/2021 18:00,13.07395624,False
13/10/2021 18:30,13.63771964,False
13/10/2021 19:00,15.55985398,False
13/10/2021 19:45,12.80846978,False
13/10/2021 20:00,12.76528682,False
13/10/2021 20:30,11.44142504,False
13/10/2021 21:00,12.83358104,False
13/10/2021 21:30,10.70347387,False
13/10/2021 22:00,13.00418822,False
13/10/2021 22:30,11.74399098,False
13/10/2021 23:03,12.01535084,False
13/10/2021 23:30,10.88389183,False
14/10/2021 00:00,12.08345478,False
14/10/2021 00:30,12.01189774,False
14/10/2021 01:00,13.13386451,False
14/10/2021 01:30,12.05888904,False
14/10/2021 02:00,13.23924539,False
14/10/2021 02:30,12.15205077,False
14/10/2021 03:00,12.83158292,False
14/10/2021 03:30,14.35179417,False
14/10/2021 04:00,11.79322366,False
14/10/2021 04:30,11.84794146,False
14/10/2021 05:00,11.86608392,False
14/10/2021 05:30,11.88041041,False
14/10/2021 06:00,10.30089954,False
14/10/2021 06:30,11.3747004,False
14/10/2021 07:00,12.75843729,False
14/10/2021 07:30,13.10314923,False
14/10/2021 08:00,11.94938662,False
14/10/2021 08:30,12.85865647,False
14/10/2021 09:00,10.83020069,False
14/10/2021 09:30,11.6329335,False
14/10/2021 10:00,11.57616543,False
14/10/2021 10:30,12.75586043,False
14/10/2021 11:00,11.57950201,False
14/10/2021 11:30,10.57508679,False
14/10/2021 12:00,11.22891249,False
14/10/2021 12:30,12.4280355,False
14/10/2021 13:00,10.3899953,False
14/10/2021 13:30,12.88037233,False
14/10/2021 14:00,12.95207228,False
14/10/2021 14:30,10.56489489,False
14/10/2021 15:00,11.38951134,False
14/10/2021 15:30,11.38249941,False
14/10/2021 16:00,12.46533357,False
14/10/2021 16:30,11.11575261,False
14/10/2021 17:00,11.07117936,False
14/10/2021 17:30,9.8898053,False
14/10/2021 18:00,12.26928858,False
14/10/2021 18:30,11.39941033,False
14/10/2021 19:00,10.29843338,False
14/10/2021 19:30,12.36284468,False
14/10/2021 20:00,13.63522329,False
14/10/2021 20:30,8.968634932,False
14/10/2021 21:00,12.15299094,False
14/10/2021 21:30,12.1174535,False
14/10/2021 22:00,12.17581016,False
14/10/2021 22:30,11.14965722,False
14/10/2021 23:00,12.25422629,False
14/10/2021 23:30,12.30625621,False
15/10/2021 00:00,12.15388749,False
15/10/2021 00:30,12.25240896,False
15/10/2021 01:00,6.300333314,False
15/10/2021 01:30,11.95164099,False
15/10/2021 02:00,10.59388683,False
15/10/2021 02:30,10.39833837,False
15/10/2021 03:00,10.61925841,False
15/10/2021 03:30,10.80898838,False
15/10/2021 04:00,12.02539087,False
15/10/2021 04:30,10.89238303,False
15/10/2021 05:00,6.585450338,False
15/10/2021 05:30,10.50255584,False
15/10/2021 06:00,9.262066084,False
15/10/2021 06:30,11.57837204,False
15/10/2021 07:00,11.48021574,False
15/10/2021 07:30,6.471367708,False
15/10/2021 08:00,6.068119994,False
15/10/2021 08:30,10.95315603,False
15/10/2021 09:00,5.937945777,False
15/10/2021 09:30,7.501703727,False
15/10/2021 10:00,7.480584545,False
15/10/2021 10:30,6.487684158,False
15/10/2021 11:00,9.140590784,False
15/10/2021 11:30,5.216831386,False
15/10/2021 12:00,6.569334022,False
15/10/2021 12:30,5.559311197,False
15/10/2021 13:00,6.109135845,False
15/10/2021 13:30,7.904544757,False
15/10/2021 14:00,5.95380246,False
15/10/2021 14:30,6.475842679,False
15/10/2021 15:00,6.314970899,False
15/10/2021 15:30,7.393644188,False
15/10/2021 16:00,8.195790581,False
15/10/2021 16:30,7.868474011,False
15/10/2021 17:00,11.00965676,False
15/10/2021 17:30,7.237871279,False
15/10/2021 18:00,8.272962555,False
15/10/2021 18:30,7.594119104,False
15/10/2021 19:00,8.420748799,False
15/10/2021 19:30,7.629521237,False
15/10/2021 20:00,6.585825664,False
15/10/2021 20:30,6.043819172,False
15/10/2021 21:00,6.612887104,False
15/10/2021 21:30,7.295707514,False
15/10/2021 22:00,6.297756409,False
15/10/2021 22:30,7.12904838,False
15/10/2021 23:00,7.08548447,False
15/10/2021 23:30,7.251445131,False
16/10/2021 00:00,5.778965268,False
16/10/2021 00:30,8.018266944,False
16/10/2021 01:00,7.861946396,False
16/10/2021 01:30,5.995513399,False
16/10/2021 02:00,5.646809704,False
16/10/2021 02:30,5.33813081,False
16/10/2021 03:00,7.131431801,False
16/10/2021 03:30,7.089950199,False
16/10/2021 04:00,5.251288504,False
16/10/2021 04:30,7.934240814,False
16/10/2021 05:00,7.322507888,False
16/10/2021 05:30,5.54715485,False
16/10/2021 06:00,6.22089234,False
16/10/2021 06:30,5.670063872,False
16/10/2021 07:00,5.739910765,False
16/10/2021 07:30,5.35904587,False
16/10/2021 08:00,6.329064709,False
16/10/2021 08:30,5.353271773,False
16/10/2021 09:00,5.346762664,False
16/10/2021 09:30,5.314776522,False
16/10/2021 10:00,6.682973919,False
16/10/2021 10:30,7.926810402,False
16/10/2021 11:00,7.997622782,False
16/10/2021 11:30,7.681978725,False
16/10/2021 12:00,7.334013959,False
16/10/2021 12:30,7.80212711,False
16/10/2021 13:00,8.079316344,False
16/10/2021 13:30,7.593934605,False
16/10/2021 14:00,6.936548912,False
16/10/2021 14:30,7.060926715,False
16/10/2021 15:00,7.398074169,False
16/10/2021 15:30,7.75933735,False
16/10/2021 16:00,6.8451663,False
16/10/2021 16:30,9.249886748,False
16/10/2021 17:00,7.954625303,False
16/10/2021 17:30,7.235655214,False
16/10/2021 18:00,8.497546887,False
16/10/2021 18:30,6.467991794,False
16/10/2021 19:00,6.980356321,False
16/10/2021 19:30,6.998857937,False
16/10/2021 20:00,5.80035518,False
16/10/2021 20:30,9.3328912,False
16/10/2021 21:00,8.411659007,False
16/10/2021 21:30,7.951503161,False
16/10/2021 22:00,5.999624059,False
16/10/2021 22:30,8.053362854,False
16/10/2021 23:00,7.533918024,False
16/10/2021 23:30,7.871305816,False
17/10/2021 00:00,7.829734954,False
17/10/2021 00:30,7.107035288,False
17/10/2021 01:00,7.516325127,False
17/10/2021 01:33,7.381102703,False
17/10/2021 02:00,7.551672733,False
17/10/2021 02:30,7.567736407,False
17/10/2021 03:00,6.607468325,False
17/10/2021 03:30,7.605551552,False
17/10/2021 04:00,7.619576712,False
17/10/2021 04:30,8.194253636,False
17/10/2021 05:03,7.471414971,False
17/10/2021 05:30,5.898490731,False
17/10/2021 06:00,8.070123854,False
17/10/2021 06:30,7.722401093,False
17/10/2021 07:00,6.727939925,False
17/10/2021 07:30,7.635049671,False
17/10/2021 08:00,7.553007567,False
17/10/2021 08:30,6.347811273,False
17/10/2021 09:00,5.593232622,False
17/10/2021 09:30,7.761004992,False
17/10/2021 10:03,5.489057236,False
17/10/2021 10:30,7.690188236,False
17/10/2021 11:00,7.871104407,False
17/10/2021 11:30,4.691371033,False
17/10/2021 12:00,3.952717449,False
17/10/2021 12:30,4.118042045,False
17/10/2021 13:00,6.890439564,False
17/10/2021 13:30,7.874778848,False
17/10/2021 14:00,4.559989675,False
17/10/2021 14:30,7.998344904,False
17/10/2021 15:00,7.140343189,False
17/10/2021 15:30,7.717090683,False
17/10/2021 16:00,7.19889742,False
17/10/2021 16:30,4.301438501,False
17/10/2021 17:00,7.131600528,False
17/10/2021 17:30,7.706942269,False
17/10/2021 18:00,6.809933893,False
17/10/2021 18:30,6.753094578,False
17/10/2021 19:00,7.245056304,False
17/10/2021 19:30,5.199880638,False
17/10/2021 20:00,5.229397444,False
17/10/2021 20:30,7.333491685,False
17/10/2021 21:00,7.338904092,False
17/10/2021 21:30,7.322268238,False
17/10/2021 22:00,6.755499078,False
17/10/2021 22:30,6.712077326,False
17/10/2021 23:00,6.099126774,False
17/10/2021 23:33,6.607905522,False
18/10/2021 00:00,4.657869094,False
18/10/2021 00:30,6.829818,False
18/10/2021 01:00,7.288087809,False
18/10/2021 01:30,7.01227353,False
18/10/2021 02:00,6.730597776,False
18/10/2021 02:30,6.432027574,False
18/10/2021 03:00,5.311264638,False
18/10/2021 03:30,4.449131859,False
18/10/2021 04:00,6.279944835,False
18/10/2021 04:30,6.934966439,False
18/10/2021 05:00,7.219854699,False
18/10/2021 05:30,6.526390176,False
18/10/2021 06:00,6.602054447,False
18/10/2021 06:30,6.407056424,False
18/10/2021 07:00,6.480354355,False
18/10/2021 07:30,6.831685442,False
18/10/2021 08:00,6.424954804,False
18/10/2021 08:30,5.320171378,False
18/10/2021 09:00,4.493895417,False
18/10/2021 09:30,7.001988568,False
18/10/2021 10:00,6.961797358,False
18/10/2021 10:30,6.728917111,False
18/10/2021 11:00,4.49884725,False
18/10/2021 11:30,6.364871055,False
18/10/2021 12:00,5.741531088,False
18/10/2021 12:30,5.104022883,False
18/10/2021 13:00,6.790830435,False
18/10/2021 13:30,4.378476769,False
18/10/2021 14:00,5.057429426,False
18/10/2021 14:30,4.296692979,False
18/10/2021 15:00,6.172349711,False
18/10/2021 15:30,4.253385202,False
18/10/2021 16:00,5.595842497,False
18/10/2021 16:30,4.230056725,False
18/10/2021 17:00,5.936710244,False
18/10/2021 17:30,4.938665188,False
18/10/2021 18:00,5.949532821,False
18/10/2021 18:30,5.755259654,False
18/10/2021 19:00,4.72992128,False
18/10/2021 19:30,4.643507498,False
18/10/2021 20:00,6.168496835,False
18/10/2021 20:30,6.017282257,False
18/10/2021 21:00,6.053383944,False
18/10/2021 21:30,5.094510988,False
18/10/2021 22:00,6.154529444,False
18/10/2021 22:30,6.133495947,False
18/10/2021 23:00,6.085778491,False
18/10/2021 23:30,5.320296342,False
19/10/2021 00:03,5.949150883,False
19/10/2021 00:30,4.64315249,False
19/10/2021 01:00,6.998852333,False
19/10/2021 01:30,5.488916015,False
19/10/2021 02:00,6.087146226,False
19/10/2021 02:30,5.237508924,False
19/10/2021 03:00,7.12910301,False
19/10/2021 03:30,6.418033093,False
19/10/2021 04:00,7.540645125,False
19/10/2021 04:30,5.714364938,False
19/10/2021 05:00,6.158615273,False
19/10/2021 05:30,6.159115872,False
19/10/2021 06:00,5.36029464,False
19/10/2021 06:30,5.927504537,False
19/10/2021 07:00,5.43640614,False
19/10/2021 07:30,5.3130459,False
19/10/2021 08:00,6.564538358,False
19/10/2021 08:30,6.722252183,False
19/10/2021 09:00,6.736896436,False
19/10/2021 09:30,6.231769348,False
19/10/2021 10:00,6.148335566,False
19/10/2021 10:30,6.140936702,False
19/10/2021 11:00,5.990579426,False
19/10/2021 11:30,6.853456261,False
19/10/2021 12:00,4.484505213,False
19/10/2021 12:30,7.527283885,False
19/10/2021 13:00,5.453452654,False
19/10/2021 13:30,6.608257608,False
19/10/2021 14:00,6.474168048,False
19/10/2021 14:30,7.345805326,False
19/10/2021 15:00,5.197284314,False
19/10/2021 15:30,4.81106705,False
19/10/2021 16:00,6.81251206,False
19/10/2021 16:30,8.131085548,False
19/10/2021 17:00,7.76827573,False
19/10/2021 17:30,7.756276031,False
19/10/2021 18:00,7.764402112,False
19/10/2021 18:30,7.795515644,False
19/10/2021 19:00,7.177573538,False
19/10/2021 19:30,6.771336355,False
19/10/2021 20:00,7.518267613,False
19/10/2021 20:30,7.551398218,False
19/10/2021 21:00,6.922027906,False
19/10/2021 21:30,6.996063618,False
19/10/2021 22:00,4.868082178,False
19/10/2021 22:30,7.322192686,False
19/10/2021 23:00,7.288880662,False
19/10/2021 23:30,7.253225535,False
20/10/2021 00:00,7.219482529,False
20/10/2021 00:30,7.163254657,False
20/10/2021 01:00,6.603239815,False
20/10/2021 01:30,7.187369744,False
20/10/2021 02:00,7.281378315,False
20/10/2021 02:30,7.694859916,False
20/10/2021 03:00,5.897923228,False
20/10/2021 03:30,6.758382527,False
20/10/2021 04:00,7.601575483,False
20/10/2021 04:30,7.026750663,False
20/10/2021 05:00,7.110371027,False
20/10/2021 05:30,8.115405938,False
20/10/2021 06:00,7.203711613,False
20/10/2021 06:30,8.071876328,False
20/10/2021 07:00,7.975276845,False
20/10/2021 07:30,7.791982829,False
20/10/2021 08:00,7.591745383,False
20/10/2021 08:30,7.005612647,False
20/10/2021 09:00,7.140365061,False
20/10/2021 09:30,7.336140473,False
20/10/2021 10:00,7.16646172,False
20/10/2021 10:30,7.289618981,False
20/10/2021 11:00,7.140688828,False
20/10/2021 11:30,4.702380119,False
20/10/2021 12:00,6.428546778,False
20/10/2021 12:30,7.634868745,False
20/10/2021 13:00,7.658948025,False
20/10/2021 13:30,8.030481447,False
20/10/2021 14:00,5.067720261,False
20/10/2021 14:30,7.346812949,False
20/10/2021 15:00,7.303637572,False
20/10/2021 15:30,6.034463989,False
20/10/2021 16:00,7.89447141,False
20/10/2021 16:30,7.171751179,False
20/10/2021 17:00,7.125861857,False
20/10/2021 17:30,7.769834228,False
20/10/2021 18:00,7.030006125,False
20/10/2021 18:30,6.057172778,False
20/10/2021 19:00,7.407176973,False
20/10/2021 19:30,7.449850798,False
20/10/2021 20:00,6.10579439,False
20/10/2021 20:30,7.666965069,False
20/10/2021 21:00,7.157833313,False
20/10/2021 21:30,7.160025168,False
20/10/2021 22:00,7.288191381,False
20/10/2021 22:30,7.185660413,False
20/10/2021 23:00,7.890396003,False
20/10/2021 23:30,7.676112001,False
21/10/2021 00:00,5.929964051,False
21/10/2021 00:30,7.064799258,False
21/10/2021 01:00,6.57478839,False
21/10/2021 01:30,5.551804518,False
21/10/2021 02:00,6.898154333,False
21/10/2021 02:30,7.077264228,False
21/10/2021 03:00,5.646497368,False
21/10/2021 03:30,6.620598872,False
21/10/2021 04:00,6.547295124,False
21/10/2021 04:30,7.29539009,False
21/10/2021 05:00,7.264331562,False
21/10/2021 05:30,7.308077556,False
21/10/2021 06:00,6.331643013,False
21/10/2021 06:30,6.961170764,False
21/10/2021 07:00,6.098218082,False
21/10/2021 07:30,7.36274847,False
21/10/2021 08:00,5.532918951,False
21/10/2021 08:30,7.12662513,False
21/10/2021 09:00,5.597404313,False
21/10/2021 09:30,7.939753206,False
21/10/2021 10:00,7.379165221,False
21/10/2021 10:30,7.580134044,False
21/10/2021 11:00,7.602424844,False
21/10/2021 11:30,7.255610196,False
21/10/2021 12:00,7.260199704,False
21/10/2021 12:30,6.767621697,False
21/10/2021 13:00,7.402122887,False
21/10/2021 13:30,7.912123794,False
21/10/2021 14:00,7.873018784,False
21/10/2021 14:30,6.51656006,False
21/10/2021 15:00,6.345706491,False
21/10/2021 15:30,7.559861595,False
21/10/2021 16:00,7.029053105,False
21/10/2021 16:56,5.080616069,False
21/10/2021 18:02,8.286253247,False
21/10/2021 18:30,7.546918059,False
21/10/2021 19:00,8.212111073,False
21/10/2021 19:30,6.111322092,False
21/10/2021 20:00,8.272876693,False
21/10/2021 20:30,8.009037543,False
21/10/2021 21:00,8.062027384,False
21/10/2021 21:30,7.981060577,False
21/10/2021 22:00,9.002624892,False
21/10/2021 22:30,7.55589762,False
21/10/2021 23:00,8.568462801,False
21/10/2021 23:30,8.562448909,False
22/10/2021 00:00,8.473732864,False
22/10/2021 00:30,8.36971271,False
22/10/2021 01:00,8.524067992,False
22/10/2021 01:30,7.744058374,False
22/10/2021 02:00,8.316242995,False
22/10/2021 02:30,8.476899929,False
22/10/2021 03:00,8.55280134,False
22/10/2021 03:30,8.222000866,False
22/10/2021 04:00,9.614920852,False
22/10/2021 04:30,8.693597737,False
22/10/2021 05:00,8.554879539,False
22/10/2021 05:30,9.259827346,False
22/10/2021 06:00,8.473961919,False
22/10/2021 06:30,8.463224416,False
22/10/2021 07:00,9.136862076,False
22/10/2021 07:30,8.194232079,False
22/10/2021 08:00,9.020671498,False
22/10/2021 08:31,8.341554777,False
22/10/2021 09:00,6.868903292,False
22/10/2021 09:30,8.394757921,False
22/10/2021 10:00,9.347023486,False
22/10/2021 10:30,8.492489942,False
22/10/2021 11:00,8.515735001,False
22/10/2021 11:30,9.395801219,False
22/10/2021 12:00,9.102155433,False
22/10/2021 12:31,9.626792696,False
22/10/2021 13:00,7.833344978,False
22/10/2021 13:30,9.503739914,False
22/10/2021 14:00,9.518201606,False
22/10/2021 14:30,8.812565062,False
22/10/2021 15:00,9.506649861,False
22/10/2021 15:30,8.84768491,False
22/10/2021 16:00,8.509806589,False
22/10/2021 16:30,8.952586289,False
22/10/2021 17:00,8.230047027,False
22/10/2021 17:30,8.915113414,False
22/10/2021 18:00,8.169057005,False
22/10/2021 18:30,8.852340632,False
22/10/2021 19:00,8.824064124,False
22/10/2021 19:30,8.063583306,False
22/10/2021 20:00,9.568500492,False
22/10/2021 20:30,8.726257616,False
22/10/2021 21:00,8.696863361,False
22/10/2021 21:30,8.680699724,False
22/10/2021 22:00,9.490831368,False
22/10/2021 22:30,9.530859674,False
22/10/2021 23:00,9.440398144,False
22/10/2021 23:30,8.603895612,False
23/10/2021 00:00,7.769272633,False
23/10/2021 00:30,8.48977618,False
23/10/2021 01:00,8.527295226,False
23/10/2021 01:30,8.593843266,False
23/10/2021 02:00,9.001343711,False
23/10/2021 02:30,8.757272961,False
23/10/2021 03:00,8.474468693,False
23/10/2021 03:30,8.728604191,False
23/10/2021 04:00,8.57015454,False
23/10/2021 04:30,9.29758976,False
23/10/2021 05:00,9.188700008,False
23/10/2021 05:30,8.406720787,False
23/10/2021 06:00,5.115841833,False
23/10/2021 06:30,7.959983542,False
23/10/2021 07:00,17.84279637,True
23/10/2021 07:30,8.888119208,False
23/10/2021 08:00,9.377964333,False
23/10/2021 08:30,9.959195413,False
23/10/2021 09:00,8.320730309,False
23/10/2021 09:30,9.714542583,False
23/10/2021 10:00,9.62067112,False
23/10/2021 10:30,8.723538868,False
23/10/2021 11:00,9.366452143,False
23/10/2021 11:30,8.538457633,False
23/10/2021 12:00,7.773675398,False
23/10/2021 12:30,8.756639605,False
23/10/2021 13:00,8.78645492,False
23/10/2021 13:30,8.167786989,False
23/10/2021 14:00,8.370386861,False
23/10/2021 14:30,8.238480801,False
23/10/2021 15:00,8.897196491,False
23/10/2021 15:30,8.949513275,False
23/10/2021 16:00,9.096836866,False
23/10/2021 16:30,8.400383185,False
23/10/2021 17:00,15.97677688,False
23/10/2021 17:30,8.925564417,False
23/10/2021 18:00,8.423962789,False
23/10/2021 18:30,9.465074906,False
23/10/2021 19:00,9.58324235,False
23/10/2021 19:30,10.23045887,False
23/10/2021 20:00,9.608722251,False
23/10/2021 20:30,9.601634963,False
23/10/2021 21:00,9.531430786,False
23/10/2021 21:30,11.43481979,False
23/10/2021 22:00,10.05685687,False
23/10/2021 22:30,10.72869214,False
23/10/2021 23:00,10.72735235,False
23/10/2021 23:30,10.03696862,False
24/10/2021 00:00,10.0408873,False
24/10/2021 00:30,10.61135821,False
24/10/2021 01:00,10.60130041,False
24/10/2021 01:30,9.941780051,False
24/10/2021 02:00,10.46383131,False
24/10/2021 02:30,10.82910518,False
24/10/2021 03:00,10.26601121,False
24/10/2021 03:30,10.90164829,False
24/10/2021 04:00,10.16591139,False
24/10/2021 04:30,8.950915112,False
24/10/2021 05:00,9.561759934,False
24/10/2021 05:30,16.46690508,False
24/10/2021 06:00,9.554790333,False
24/10/2021 06:30,9.946137215,False
24/10/2021 07:00,10.19321229,False
24/10/2021 07:30,10.22401529,False
24/10/2021 08:00,10.25349034,False
24/10/2021 08:30,9.715111827,False
24/10/2021 09:00,9.273440096,False
24/10/2021 09:30,10.23670373,False
24/10/2021 10:00,10.81145105,False
24/10/2021 10:30,10.1847699,False
24/10/2021 11:00,9.709379889,False
24/10/2021 11:30,9.678198027,False
24/10/2021 12:00,10.20509813,False
24/10/2021 12:30,10.18099678,False
24/10/2021 13:00,10.19503584,False
24/10/2021 13:30,8.783283688,False
24/10/2021 14:00,10.18163743,False
24/10/2021 14:30,9.589857331,False
24/10/2021 15:00,9.645482504,False
24/10/2021 15:30,8.306312591,False
24/10/2021 16:00,9.275427897,False
24/10/2021 16:30,9.631516951,False
24/10/2021 17:00,9.218324368,False
24/10/2021 17:30,9.604327689,False
24/10/2021 18:00,8.663250277,False
24/10/2021 18:30,7.82381478,False
24/10/2021 19:00,7.787602596,False
24/10/2021 19:30,10.49667445,False
24/10/2021 20:00,8.726851228,False
24/10/2021 20:30,9.256263344,False
24/10/2021 21:00,9.867994308,False
24/10/2021 21:30,9.304757759,False
24/10/2021 22:00,9.920640648,False
24/10/2021 22:30,8.845374878,False
24/10/2021 23:00,9.341242535,False
24/10/2021 23:30,13.0251364,False
25/10/2021 00:00,8.198941074,False
25/10/2021 00:30,9.310826851,False
25/10/2021 01:00,6.891901548,False
25/10/2021 01:30,7.878456225,False
25/10/2021 02:00,9.919375911,False
25/10/2021 02:30,9.295750135,False
25/10/2021 03:00,8.24977635,False
25/10/2021 03:30,7.884905926,False
25/10/2021 04:00,7.883372516,False
25/10/2021 04:30,8.327844631,False
25/10/2021 05:00,8.297811152,False
25/10/2021 05:30,8.306529243,False
25/10/2021 06:00,8.713856095,False
25/10/2021 06:30,10.53311144,False
25/10/2021 07:00,8.953826896,False
25/10/2021 07:30,10.47442912,False
25/10/2021 08:00,9.924321851,False
25/10/2021 08:30,9.282277549,False
25/10/2021 09:00,9.541481842,False
25/10/2021 09:30,7.127846021,False
25/10/2021 10:00,6.857857102,False
25/10/2021 10:30,9.391701237,False
25/10/2021 11:00,10.00657906,False
25/10/2021 11:30,6.211834473,False
25/10/2021 12:00,7.245088669,False
25/10/2021 12:30,6.925026885,False
25/10/2021 13:00,10.08414076,False
25/10/2021 13:30,7.568012656,False
25/10/2021 14:00,7.545114211,False
25/10/2021 14:30,10.66198363,False
25/10/2021 15:00,8.405155755,False
25/10/2021 15:30,10.02520778,False
25/10/2021 16:00,8.034288869,False
25/10/2021 16:30,9.10832947,False
25/10/2021 17:00,8.426451165,False
25/10/2021 17:30,8.872533403,False
25/10/2021 18:00,10.07900788,False
25/10/2021 18:30,9.506485426,False
25/10/2021 19:00,6.990392917,False
25/10/2021 19:30,9.007828912,False
25/10/2021 20:00,9.005404173,False
25/10/2021 20:30,7.697644172,False
25/10/2021 21:00,8.184077042,False
25/10/2021 21:30,9.693480035,False
25/10/2021 22:00,11.9541233,False
25/10/2021 22:30,9.129313356,False
25/10/2021 23:00,9.672131214,False
25/10/2021 23:30,8.653032433,False
26/10/2021 00:00,9.173045288,False
26/10/2021 00:30,10.35645187,False
26/10/2021 01:00,8.89946712,False
26/10/2021 01:30,6.236713987,False
26/10/2021 02:00,9.179905387,False
26/10/2021 02:30,8.446146342,False
26/10/2021 03:00,6.465766691,False
26/10/2021 03:30,9.595422076,False
26/10/2021 04:00,9.614949083,False
26/10/2021 04:30,6.809367083,False
26/10/2021 05:00,4.466953325,False
26/10/2021 05:30,8.985383803,False
26/10/2021 06:00,7.806098853,False
26/10/2021 06:30,7.368662851,False
26/10/2021 07:00,7.884991942,False
26/10/2021 07:30,7.891887915,False
26/10/2021 08:00,8.989348123,False
26/10/2021 08:30,6.447730668,False
26/10/2021 09:00,8.383223841,False
26/10/2021 09:30,7.214062318,False
26/10/2021 10:00,8.128041812,False
26/10/2021 10:30,8.541417358,False
26/10/2021 11:00,8.361973864,False
26/10/2021 11:30,7.102764921,False
26/10/2021 12:00,7.433099312,False
26/10/2021 12:30,8.469691145,False
26/10/2021 13:00,7.702511576,False
26/10/2021 13:30,8.242972767,False
26/10/2021 14:00,8.891823304,False
26/10/2021 14:30,6.510877171,False
26/10/2021 15:00,7.281568536,False
26/10/2021 15:30,8.567627864,False
26/10/2021 16:00,8.652010204,False
26/10/2021 16:30,8.142644501,False
26/10/2021 17:00,8.840090656,False
26/10/2021 17:30,8.305815782,False
26/10/2021 18:00,7.836340521,False
26/10/2021 18:30,7.916912504,False
26/10/2021 19:00,9.149779314,False
26/10/2021 19:30,8.552993391,False
26/10/2021 20:00,8.589022353,False
26/10/2021 20:30,8.455576017,False
26/10/2021 21:00,8.793424672,False
26/10/2021 21:30,8.335694957,False
26/10/2021 22:00,8.820343674,False
26/10/2021 22:30,8.671099218,False
26/10/2021 23:00,8.673631185,False
26/10/2021 23:30,7.726739311,False
27/10/2021 00:00,8.792839144,False
27/10/2021 00:30,8.265069502,False
27/10/2021 01:00,8.692077018,False
27/10/2021 01:30,8.64841292,False
27/10/2021 02:00,8.129956195,False
27/10/2021 02:30,8.708982498,False
27/10/2021 03:00,8.209016513,False
27/10/2021 03:30,8.97610045,False
27/10/2021 04:00,8.897165528,False
27/10/2021 04:30,9.013600971,False
27/10/2021 05:00,8.129985502,False
27/10/2021 05:30,7.270871621,False
27/10/2021 06:00,9.004721108,False
27/10/2021 06:30,8.813571492,False
27/10/2021 07:00,8.722412737,False
27/10/2021 07:30,9.781938194,False
27/10/2021 08:00,9.161637413,False
27/10/2021 08:30,10.36706539,False
27/10/2021 09:00,10.1860161,False
27/10/2021 09:30,10.39018771,False
27/10/2021 10:00,11.46491521,False
27/10/2021 10:30,10.06787294,False
27/10/2021 11:00,8.030992167,False
27/10/2021 11:30,8.971490063,False
27/10/2021 12:00,9.401256743,False
27/10/2021 12:30,7.571433564,False
27/10/2021 13:00,8.479869663,False
27/10/2021 13:30,6.735799733,False
27/10/2021 14:00,5.616075732,False
27/10/2021 14:30,9.145419133,False
27/10/2021 15:00,8.711708188,False
27/10/2021 15:30,9.25331396,False
27/10/2021 16:00,3.357993686,False
27/10/2021 16:30,6.164781998,False
27/10/2021 17:00,9.275877134,False
27/10/2021 17:30,9.403666269,False
27/10/2021 18:00,8.024192735,False
27/10/2021 18:30,5.523552395,False
27/10/2021 19:00,6.045968479,False
27/10/2021 19:30,8.687918475,False
27/10/2021 20:00,8.138576112,False
27/10/2021 20:30,9.038240377,False
27/10/2021 21:00,5.420472232,False
27/10/2021 21:30,8.179651367,False
27/10/2021 22:00,8.560874712,False
27/10/2021 22:30,8.156007042,False
27/10/2021 23:00,8.377209184,False
27/10/2021 23:30,8.404099881,False
28/10/2021 00:00,8.448291772,False
28/10/2021 00:30,7.097731117,False
28/10/2021 01:00,8.492968549,False
28/10/2021 01:30,7.739047661,False
28/10/2021 02:00,7.740131272,False
28/10/2021 02:30,8.433121449,False
28/10/2021 03:00,7.066036461,False
28/10/2021 03:30,8.022153561,False
28/10/2021 04:00,4.790988324,False
28/10/2021 04:30,8.598589991,False
28/10/2021 05:00,5.246249761,False
28/10/2021 05:30,6.711720867,False
28/10/2021 06:00,7.994394919,False
28/10/2021 06:30,5.036255397,False
28/10/2021 07:00,8.579269735,False
28/10/2021 07:30,8.463647242,False
28/10/2021 08:00,8.585725269,False
28/10/2021 08:30,8.365727802,False
28/10/2021 09:00,8.910602588,False
28/10/2021 09:30,7.919778815,False
28/10/2021 10:00,7.16102989,False
28/10/2021 10:30,6.912714206,False
28/10/2021 11:00,7.854691998,False
28/10/2021 11:30,8.736839283,False
28/10/2021 12:00,7.441267246,False
28/10/2021 12:30,7.563587097,False
28/10/2021 13:00,6.857081312,False
28/10/2021 13:30,8.996252582,False
28/10/2021 14:00,7.748148984,False
28/10/2021 14:30,7.464272849,False
28/10/2021 15:01,8.05837497,False
28/10/2021 15:30,9.822947318,False
28/10/2021 16:00,3.906238495,False
28/10/2021 16:30,3.893764482,False
28/10/2021 17:00,3.477360987,False
28/10/2021 17:30,6.186158864,False
28/10/2021 18:00,5.446965124,False
28/10/2021 18:30,3.974092809,False
28/10/2021 19:00,3.494054022,False
28/10/2021 19:30,2.641168867,False
28/10/2021 20:00,3.442750948,False
28/10/2021 20:30,7.681920121,False
28/10/2021 21:00,7.085083839,False
28/10/2021 21:30,7.664436531,False
28/10/2021 22:00,13.17562719,False
28/10/2021 22:30,12.97095812,False
28/10/2021 23:00,13.02824747,False
28/10/2021 23:31,8.026129286,False
29/10/2021 00:00,15.33226165,False
29/10/2021 00:30,15.44613321,False
29/10/2021 01:00,3.956847343,False
29/10/2021 01:30,4.457478594,False
29/10/2021 02:00,4.481896567,False
29/10/2021 02:30,4.284006024,False
29/10/2021 03:00,3.756701671,False
29/10/2021 03:30,3.705688147,False
29/10/2021 04:00,4.411805059,False
29/10/2021 04:30,4.467692112,False
29/10/2021 05:00,4.600298562,False
29/10/2021 05:30,14.60064494,False
29/10/2021 06:00,8.620750253,False
29/10/2021 06:30,15.95225341,True
29/10/2021 07:00,7.810099788,False
29/10/2021 07:30,4.677181402,False
29/10/2021 08:00,8.341623896,False
29/10/2021 08:30,8.590963153,False
29/10/2021 09:00,14.63198899,False
29/10/2021 09:30,14.54620118,False
29/10/2021 10:00,3.998446861,False
29/10/2021 10:30,14.7260306,False
29/10/2021 11:00,4.781211809,False
29/10/2021 11:30,4.47833573,False
29/10/2021 12:00,15.31944815,False
29/10/2021 12:30,15.32631011,False
29/10/2021 13:00,7.9249984,False
29/10/2021 13:30,8.339727807,False
29/10/2021 14:00,9.232592145,False
29/10/2021 14:30,8.217883337,False
29/10/2021 15:00,9.916632865,False
29/10/2021 15:30,9.370981701,False
29/10/2021 16:00,10.04410636,False
29/10/2021 16:30,9.488139358,False
29/10/2021 17:00,9.455775242,False
29/10/2021 17:30,8.901656779,False
29/10/2021 18:00,9.070068344,False
29/10/2021 18:30,6.055276036,False
29/10/2021 19:00,4.155422404,False
29/10/2021 19:30,4.866047451,False
29/10/2021 20:00,4.820188393,False
29/10/2021 20:30,5.525166283,False
29/10/2021 21:00,5.75222919,False
29/10/2021 21:30,4.672292897,False
29/10/2021 22:00,4.15786688,False
29/10/2021 22:30,3.651492497,False
29/10/2021 23:00,3.725632408,False
29/10/2021 23:30,4.268654154,False
30/10/2021 00:00,4.121135035,False
30/10/2021 00:30,4.14330779,False
30/10/2021 01:00,3.651778053,False
30/10/2021 01:30,3.065502239,False
30/10/2021 02:00,3.285005957,False
30/10/2021 02:30,3.632524116,False
30/10/2021 03:00,3.124458216,False
30/10/2021 03:30,3.281548556,False
30/10/2021 04:00,3.769027334,False
30/10/2021 04:30,3.920591257,False
30/10/2021 05:00,4.183385713,False
30/10/2021 05:30,3.659115458,False
30/10/2021 06:00,3.709865313,False
30/10/2021 06:30,3.925159502,False
30/10/2021 07:00,4.183165429,False
30/10/2021 07:30,3.864589324,False
30/10/2021 08:00,4.019136926,False
30/10/2021 08:30,4.021648732,False
30/10/2021 09:00,3.748276414,False
30/10/2021 09:30,3.027239989,False
30/10/2021 10:00,2.883668451,False
30/10/2021 10:30,5.635017329,False
30/10/2021 11:00,3.279879839,False
30/10/2021 11:30,5.879064827,False
30/10/2021 12:00,9.165426632,False
30/10/2021 12:30,9.161465463,False
30/10/2021 13:00,6.306731811,False
30/10/2021 13:30,10.90534894,False
30/10/2021 14:00,3.676454202,False
30/10/2021 14:30,9.061437696,False
30/10/2021 15:00,4.592590546,False
30/10/2021 15:30,4.280141962,False
30/10/2021 16:00,4.224521926,False
30/10/2021 16:30,5.358190727,False
30/10/2021 17:00,6.361978425,False
30/10/2021 17:30,3.554473688,False
30/10/2021 18:00,5.740911262,False
30/10/2021 18:30,3.435431508,False
30/10/2021 19:00,5.794819508,False
30/10/2021 19:30,5.339343549,False
30/10/2021 20:00,5.597642292,False
30/10/2021 20:30,3.382448664,False
30/10/2021 21:00,4.059144718,False
30/10/2021 21:30,3.798872428,False
30/10/2021 22:00,4.196866352,False
30/10/2021 22:30,4.387824011,False
30/10/2021 23:00,4.201053433,False
30/10/2021 23:30,4.700777497,False
31/10/2021 00:00,6.16854325,False
31/10/2021 00:30,4.773066342,False
31/10/2021 01:00,5.904041603,False
31/10/2021 01:30,4.258732683,False
31/10/2021 02:00,6.068499903,False
31/10/2021 02:30,14.38742024,False
31/10/2021 03:00,3.782991297,False
31/10/2021 03:30,4.354403628,False
31/10/2021 04:00,5.29835234,False
31/10/2021 04:30,4.214025372,False
31/10/2021 05:00,5.379928126,False
31/10/2021 05:30,5.638633881,False
31/10/2021 06:00,5.350734207,False
31/10/2021 06:30,5.438027738,False
31/10/2021 07:00,6.329464074,False
31/10/2021 07:30,5.0550064,False
31/10/2021 08:00,6.153379666,False
31/10/2021 08:30,5.863809511,False
31/10/2021 09:00,5.189522282,False
31/10/2021 09:30,5.649461462,False
31/10/2021 10:00,6.134175648,False
31/10/2021 10:30,13.21473655,False
31/10/2021 11:00,5.561390286,False
31/10/2021 11:30,5.117300917,False
31/10/2021 12:00,13.40398029,False
31/10/2021 12:30,3.830868096,False
31/10/2021 13:00,4.179451082,False
31/10/2021 13:30,4.808686724,False
31/10/2021 14:00,5.671297216,False
31/10/2021 14:30,12.60978401,False
31/10/2021 15:00,12.61034891,False
31/10/2021 15:30,12.65769697,False
31/10/2021 16:00,5.357234081,False
31/10/2021 16:30,13.70440521,False
31/10/2021 17:00,11.8262424,False
31/10/2021 17:30,12.69497536,False
31/10/2021 18:00,12.68314851,False
31/10/2021 18:30,11.81547742,False
31/10/2021 19:00,13.65457611,False
31/10/2021 19:30,12.65229702,False
31/10/2021 20:00,14.78826619,False
31/10/2021 20:30,12.62769819,False
31/10/2021 21:01,13.60939846,False
31/10/2021 21:30,13.59499606,False
31/10/2021 22:00,12.5981472,False
31/10/2021 22:30,13.56488937,False
31/10/2021 23:00,4.842357667,False
31/10/2021 23:30,12.57199416,False
01/11/2021 00:00,14.7088723,False
01/11/2021 00:30,13.54750471,False
01/11/2021 01:00,12.54554005,False
01/11/2021 01:30,4.155996616,False
01/11/2021 02:00,11.65130175,False
01/11/2021 02:30,12.488284,False
01/11/2021 03:00,13.51896316,False
01/11/2021 03:30,14.69567819,False
01/11/2021 04:00,14.67821989,False
01/11/2021 04:30,14.68142651,False
01/11/2021 05:00,13.56127724,False
01/11/2021 05:30,13.56185393,False
01/11/2021 06:00,13.61999874,False
01/11/2021 06:30,12.60926615,False
01/11/2021 07:00,14.72927536,False
01/11/2021 07:30,14.7228656,False
01/11/2021 08:00,13.56591122,False
01/11/2021 08:30,11.64552482,False
01/11/2021 09:00,11.69912555,False
01/11/2021 09:30,14.71429888,False
01/11/2021 10:00,14.70133311,False
01/11/2021 10:30,13.57812498,False
01/11/2021 11:00,3.682581161,False
01/11/2021 11:30,13.50003666,False
01/11/2021 12:00,4.901066823,False
01/11/2021 12:30,5.22071641,False
01/11/2021 13:00,5.24918925,False
01/11/2021 13:30,15.66684331,False
01/11/2021 14:00,15.62988831,False
01/11/2021 14:30,5.274437802,False
01/11/2021 15:00,14.62232455,False
01/11/2021 15:30,14.91807448,False
01/11/2021 16:00,11.89127692,False
01/11/2021 16:30,13.71020932,False
01/11/2021 17:00,12.74320118,False
01/11/2021 17:30,12.70857964,False
01/11/2021 18:00,14.90157829,False
01/11/2021 18:30,14.75615181,False
01/11/2021 19:00,14.61236111,False
01/11/2021 19:30,14.44534187,False
01/11/2021 20:00,5.408834571,False
01/11/2021 20:30,14.09382709,False
01/11/2021 21:00,5.195798628,False
01/11/2021 21:30,13.78966823,False
01/11/2021 22:00,13.72296568,False
01/11/2021 22:30,15.02165815,False
01/11/2021 23:00,14.9636677,False
01/11/2021 23:30,4.435649472,False
02/11/2021 00:00,4.66708097,False
02/11/2021 00:30,13.84621274,False
02/11/2021 01:00,13.86472706,False
02/11/2021 01:30,13.84814063,False
02/11/2021 02:00,4.665673812,False
02/11/2021 02:30,13.88764963,False
02/11/2021 03:00,13.91142814,False
02/11/2021 03:30,4.540951171,False
02/11/2021 04:00,13.92137417,False
02/11/2021 04:30,12.67158892,False
02/11/2021 05:00,13.90480089,False
02/11/2021 05:30,13.87814385,False
02/11/2021 06:00,13.82238737,False
02/11/2021 06:30,13.14991862,False
02/11/2021 07:00,14.08244986,False
02/11/2021 07:30,13.11255639,False
02/11/2021 08:00,13.20681679,False
02/11/2021 08:30,13.13082906,False
02/11/2021 09:00,14.18836877,False
02/11/2021 09:30,12.96700442,False
02/11/2021 10:00,4.975948883,False
02/11/2021 10:30,14.10208571,False
02/11/2021 11:00,14.57263601,False
02/11/2021 11:30,13.9759848,False
02/11/2021 12:00,5.449440744,False
02/11/2021 12:30,5.484242643,False
02/11/2021 13:00,13.85222465,False
02/11/2021 13:30,12.80779536,False
02/11/2021 14:00,12.74115348,False
02/11/2021 14:30,12.81433949,False
02/11/2021 15:00,14.04217965,False
02/11/2021 15:30,13.05653592,False
02/11/2021 16:00,13.26343053,False
02/11/2021 16:30,13.16345869,False
02/11/2021 17:00,14.34338079,False
02/11/2021 17:31,14.32574986,False
02/11/2021 18:00,14.22131998,False
02/11/2021 18:30,13.06452694,False
02/11/2021 19:00,13.0204367,False
02/11/2021 19:30,14.16230425,False
02/11/2021 20:00,12.96955063,False
02/11/2021 20:30,12.96809564,False
02/11/2021 21:00,13.97461732,False
02/11/2021 21:30,13.51130374,False
02/11/2021 22:00,13.84430258,False
02/11/2021 22:30,5.864125296,False
02/11/2021 23:00,5.883551178,False
02/11/2021 23:30,6.055367599,False
03/11/2021 00:00,6.153079711,False
03/11/2021 00:30,6.045931186,False
03/11/2021 01:00,6.388390572,False
03/11/2021 01:30,6.066705634,False
03/11/2021 02:00,5.99751211,False
03/11/2021 02:30,5.699620999,False
03/11/2021 03:00,6.049864553,False
03/11/2021 03:30,5.676013084,False
03/11/2021 04:00,6.038301052,False
03/11/2021 04:30,5.81340451,False
03/11/2021 05:00,12.74080743,False
03/11/2021 05:30,5.740453426,False
03/11/2021 06:00,5.610231061,False
03/11/2021 06:30,11.78136965,False
03/11/2021 07:00,6.146524655,False
03/11/2021 07:30,5.337666943,False
03/11/2021 08:00,11.71032861,False
03/11/2021 08:30,12.8077292,False
03/11/2021 09:00,11.01373674,False
03/11/2021 09:30,3.423570821,False
03/11/2021 10:00,11.79140176,False
03/11/2021 10:30,5.64610517,False
03/11/2021 11:00,5.800440092,False
03/11/2021 11:30,5.17854406,False
03/11/2021 12:00,6.002639732,False
03/11/2021 12:30,6.174094731,False
03/11/2021 13:00,4.790593454,False
03/11/2021 13:30,5.766916202,False
03/11/2021 14:00,4.504503531,False
03/11/2021 14:30,6.301837154,False
03/11/2021 15:00,3.909003806,False
03/11/2021 15:30,5.65945575,False
03/11/2021 16:00,4.348550832,False
03/11/2021 16:30,4.650861539,False
03/11/2021 17:00,4.911610941,False
03/11/2021 17:30,4.60534347,False
03/11/2021 18:00,4.435812424,False
03/11/2021 18:30,4.456402359,False
03/11/2021 19:00,5.233635206,False
03/11/2021 19:30,4.968227799,False
03/11/2021 20:00,6.201284246,False
03/11/2021 20:30,6.120852599,False
03/11/2021 21:00,4.849144627,False
03/11/2021 21:30,4.625623211,False
03/11/2021 22:00,3.486880346,False
03/11/2021 22:30,4.282437882,False
03/11/2021 23:00,4.027411722,False
03/11/2021 23:30,4.148370635,False
04/11/2021 00:00,3.591416029,False
04/11/2021 00:30,2.904643871,False
04/11/2021 01:00,2.541969837,False
04/11/2021 01:30,3.536561079,False
04/11/2021 02:00,3.145284092,False
04/11/2021 02:30,4.550813625,False
04/11/2021 03:00,3.819582497,False
04/11/2021 03:30,4.386504855,False
04/11/2021 04:00,11.60253828,False
04/11/2021 04:30,12.45552936,False
04/11/2021 05:00,10.45778565,False
04/11/2021 05:30,4.557498202,False
04/11/2021 06:00,10.46898088,False
04/11/2021 06:30,4.925335327,False
04/11/2021 07:00,4.796842431,False
04/11/2021 07:30,4.465206615,False
04/11/2021 08:00,5.297667417,False
04/11/2021 08:30,4.683524966,False
04/11/2021 09:00,5.407680737,False
04/11/2021 09:30,5.316129375,False
04/11/2021 10:00,4.910581464,False
04/11/2021 10:30,5.432281704,False
04/11/2021 11:00,5.297284601,False
04/11/2021 11:30,5.059465223,False
04/11/2021 12:00,5.628782826,False
